"student","class"
"Emma Ortega","accn-10"
"Alex Lopez","accn-10"
"Mawhiba el-Moghaddam","accn-10"
"Tia Shaye Taylor","accn-10"
"Brittany Zimmerman","accn-10"
"Taamira al-Badour","accn-11"
"Jeremy Cepeda","accn-11"
"Zachary Pisarski","accn-11"
"Tyler Keator","accn-11"
"Aurora Martinez","accn-11"
"Nabeela el-Hasen","accn-11"
"Ryan Northup","accn-12"
"Amy Zhou","accn-12"
"Alexa Dang","accn-12"
"Kiara Turner","accn-12"
"Peter Schmitz","accn-12"
"Savoi Wilson","accn-12"
"Monica Kaze","accn-12"
"Samuel Reinhart","accn-12"
"Lauren Moonlight","accn-12"
"Jessica King","accn-12"
"Ashley Oh","accn-12"
"Blake Burbank","accn-12"
"Paul James Bartling","accn-12"
"Troy Bresciani","accn-12"
"Tyler Badsky","accn-12"
"Irianne Moreno","accn-12"
"Aeneva Holloway","accn-12"
"Senait Cooper","accn-12"
"Jake Brave","accn-12"
"Nina Carlton","accn-12"
"Kalani Thapa","accn-12"
"Jenna Ko","bstd-10"
"Safwaan el-Odeh","bstd-10"
"Hypatia Casillas","bstd-10"
"Jordan Bonthron","bstd-10"
"Mahbooba al-Darwish","bstd-10"
"Abdul Lateef el-Radwan","bstd-10"
"Ellijah Gutierrez","bstd-10"
"Radiyya el-Mansour","bstd-10"
"Requal Hyatt","bstd-10"
"Jenna Brown","bstd-10"
"Emma Chargualaf","bstd-10"
"Mawhiba el-Moghaddam","bstd-10"
"Tia Shaye Taylor","bstd-10"
"Percival Vu","bstd-10"
"Stephanie Carver","bstd-10"
"Saleet el-Jabbour","bstd-10"
"Decarlo Blackwater","bstd-10"
"Carlos Romero","bstd-10"
"Janel Salazar","bstd-10"
"Brittany Zimmerman","bstd-10"
"Alex Lopez","bstd-10"
"Naseera el-Majid","bstd-10"
"Tyler Lohrenz","bstd-10"
"Tyler Sarkeiyans","bstd-10"
"Chuong Nguyen","bstd-10"
"Patricia Wonnell","bstd-11"
"Alona Lawson","bstd-11"
"Donato Hicks","bstd-11"
"Taamira al-Badour","bstd-11"
"Sabreen el-Shaikh","bstd-11"
"Jamie Pillar","bstd-11"
"Megan Wilch","bstd-11"
"Nicholas Heap","bstd-11"
"Shelby Thompson","bstd-11"
"Zuhriyaa al-Amini","bstd-11"
"Nathan Narona","bstd-11"
"Calvin Bruner","bstd-11"
"Anthony Whitney","bstd-11"
"Ty Cox","bstd-11"
"Jacob Harper","bstd-11"
"Taamira al-Jabbar","bstd-11"
"Shane Johnson","bstd-11"
"Aurora Martinez","bstd-11"
"Zachary Pisarski","bstd-11"
"Hiro Velasquez","bstd-11"
"Kaelynn Hosan","bstd-11"
"Rustin Holliday","bstd-11"
"Tyler Keator","bstd-11"
"Tai Srinivasan","bstd-11"
"Isaiah Kennedy","bstd-11"
"Benjamin Valdez","bstd-11"
"Christopher Alvarez","bstd-11"
"Brianca Martin","bstd-11"
"Aaron Lyon","bstd-11"
"Katy Rodriguez","bstd-11"
"Antonio Mendoza Jr","bstd-11"
"Nabeela el-Hasen","bstd-11"
"Farlon Barnett","bstd-11"
"Naadir el-Sahli","bstd-11"
"Sarah Thomas","bstd-12"
"Mahaa el-Salehi","bstd-12"
"Deante Mackey","bstd-12"
"Andres Torres","bstd-12"
"Matthew Garland","bstd-12"
"Westhoff Duran","bstd-12"
"Ginger Yang","bstd-12"
"Mason Goering","bstd-12"
"Michael Cox","bstd-12"
"Lee Galera","bstd-12"
"Shihaab al-Abad","bstd-12"
"Mustaba el-Tamer","bstd-12"
"Tre Armstrong","bstd-12"
"Radwa al-Safi","bstd-12"
"Khaalid al-Othman","bstd-12"
"Dennis Vasquez","bstd-12"
"Daniel Warren","bstd-12"
"Tharwa al-Zadeh","bstd-12"
"Morgan Cohen","bstd-12"
"Natelle Rae Duling","bstd-12"
"Brea Taylor","bstd-12"
"Christian Dahlin","bstd-12"
"Paola Vivas","bstd-12"
"Jessica King","bstd-12"
"Naqiyya al-Habeeb","bstd-12"
"Tyler Badsky","bstd-12"
"Valerie Maya","bstd-12"
"Sabrina Martin","bstd-12"
"Monica Kaze","bstd-12"
"Rhema Nguyen","bstd-12"
"Damon Harrison","bstd-12"
"Cassandra Rogers","bstd-12"
"Angelica Myers","bstd-12"
"Rose Jordan","bstd-12"
"Christopher Fragoso","bstd-12"
"Paul James Bartling","bstd-12"
"Najeem el-Tawil","bstd-12"
"Savoi Wilson","bstd-12"
"Opheal Omar","bstd-12"
"Samuel Reinhart","bstd-12"
"Angel Fonseca","bstd-12"
"Masha Finkbiner","bstd-12"
"Aaron Lancaster","bstd-12"
"Daniel Lira","bstd-12"
"Nina Carlton","bstd-12"
"Aaron Sandoval","bstd-12"
"Jessica Veasley","cat-10"
"Wallace Arellano","cat-10"
"Zaitoona el-Jalil","cat-10"
"Lauren Nygaard","cat-10"
"Alexis Palomino","cat-10"
"Cornelius Campbell","cat-10"
"Yanel Ramirez","cat-10"
"Raamiz el-Saladin","cat-10"
"Olivia Mcnaney","cat-10"
"Katrina Brisbane","cat-10"
"Kei Maka Jr","cat-10"
"Marcus Dyer","cat-10"
"Cyrus Mondhink","cat-10"
"Evan Davis","cat-11"
"Peter Yang","cat-11"
"Isaiah James","cat-11"
"Kyle Myers","cat-11"
"Joseph Villalva","cat-11"
"Ghaidaa el-Hassan","cat-11"
"Kaitlyn Quick Bear","cat-11"
"Cody Fleischman Jr","cat-11"
"Maria Jaquez Murillo","cat-11"
"Cyrus Dickerson","cat-11"
"Dhaahir al-Kazmi","cat-11"
"Devon Balderrama","cat-11"
"Rachel Anderson","cat-11"
"Saalim el-Ghazi","cat-11"
"La' George Carter","cat-11"
"Farhaana el-Salih","cat-12"
"Brandon Azure","cat-12"
"Matthew Beckmann","cat-12"
"Justin Keith","cat-12"
"Rebecca Deuth","cat-12"
"William Cordero","cat-12"
"Eric Hoffman","cat-12"
"Cu Chulainn Pham","cat-12"
"Aaron Ebmeyer","cat-12"
"Ashraf el-Rabbani","cat-12"
"Jordan Borom","cat-12"
"Amber Velez","cat-12"
"Akram al-Farman","cat-12"
"Andera Alt","cat-12"
"Mahfooz el-Ghazi","cat-12"
"Rylie Swift Bird","cat-12"
"Sabreen el-Abbasi","cat-12"
"Fernando Garibay","cat-12"
"Aeneva Holloway","cat-12"
"Mudrika el-Allee","cat-12"
"Charles Pettis","cat-12"
"Mekala Bodmer","cat-12"
"Jaadallah el-Murad","cat-12"
"Tony Otgonbayar","cat-12"
"Jordan Courrejou","cstd-10"
"Britnay Snoddy","cstd-10"
"Mersedez Barcenas Martinez","cstd-10"
"Hypatia Casillas","cstd-10"
"Lauren Nygaard","cstd-10"
"Tayla Schulze","cstd-10"
"Abdul Lateef el-Radwan","cstd-10"
"Ellijah Gutierrez","cstd-10"
"Trevor Miller","cstd-10"
"Raamiz el-Saladin","cstd-10"
"Requal Hyatt","cstd-10"
"Jawhar el-Shaban","cstd-10"
"Emma Chargualaf","cstd-10"
"Dao Cheema","cstd-10"
"Monica Lam","cstd-10"
"Grace Zarembski","cstd-10"
"Ekom Ghoram","cstd-10"
"Peter Yang","cstd-11"
"Sarai Ramos","cstd-11"
"Emily Mccarthy","cstd-11"
"Asghar al-Younan","cstd-11"
"Shelby Thompson","cstd-11"
"Tai Srinivasan","cstd-11"
"Shannon Torre","cstd-11"
"Uriah Domer","cstd-11"
"Antonio Mendoza Jr","cstd-11"
"Raihaana al-Sharifi","cstd-11"
"Alexander Jacket","cstd-11"
"Donald Carrera","cstd-11"
"William Gurule","cstd-11"
"William Rice","cstd-11"
"Riannon Jaffe","cstd-11"
"Farlon Barnett","cstd-11"
"Christopher Alvarez","cstd-11"
"Michelle Bailey","cstd-11"
"Jonaiyah Smith","cstd-12"
"Westhoff Duran","cstd-12"
"Patrick Bilderback","cstd-12"
"Asmaa el-Tariq","cstd-12"
"Christian Dahlin","cstd-12"
"Jessie Loving","cstd-12"
"Brianna Martinez","cstd-12"
"Farhaana el-Haidar","cstd-12"
"Rebecca Veleta","cstd-12"
"Kayla Robinson","cstd-12"
"Aaron Lancaster","cstd-12"
"Vincent Matlock","cstd-12"
"Daniel Warren","cstd-12"
"Kyle Kelley","cstd-12"
"Celeste Foxhoven","cstd-12"
"Leona Sober","cstd-12"
"Zulema Montoya","cstd-12"
"Mahboob el-Rehmann","cstd-12"
"Whitney Brinkley","cstd-12"
"Shaquaya Abraha","cstd-12"
"Skylar Redbird","cstd-12"
"Aaron Ebmeyer","cstd-12"
"Christiana Whiteman","cstd-12"
"Nusaiba al-Rahman","cstd-12"
"Kiana Jiron","cstd-12"
"Agusta Helvida","cstd-12"
"Bruce Darden","cstd-12"
"Delphine Hall","cstd-12"
"Hilmi al-Jalali","cstd-12"
"Kathy Prom","cstd-12"
"Christopher Glover","cstd-12"
"Vincent Mondia","cstd-12"
"Katelyn Largo","cstd-12"
"Abdul Lateef el-Radwan","drama-10"
"Radiyya el-Mansour","drama-10"
"Wyatt Briner","drama-10"
"Saleet el-Jabbour","drama-10"
"River Hardin","drama-10"
"Monica Lam","drama-10"
"Colin Hanson","drama-10"
"Riannon Jaffe","drama-11"
"Fedelina Gallegos Solorio","drama-11"
"Max Bovarnick","drama-12"
"Makeda Edgerton","drama-12"
"Deante Mackey","drama-12"
"Andres Torres","drama-12"
"Abdur Rasheed el-Mahfouz","drama-12"
"Shaquaya Abraha","drama-12"
"Ian Bohochik","drama-12"
"Raelynn Orozco","drama-12"
"Maximeno Fisher","drama-12"
"Lee Galera","drama-12"
"Rose Jordan","drama-12"
"Katie Benmajed","drama-12"
"Kari Nguyen","drama-12"
"Tony Otgonbayar","drama-12"
"Shalisha Jackson","dsgn-10"
"Dhareef al-Jamal","dsgn-10"
"Edwin Quiring","dsgn-10"
"Waatiq el-Mattar","dsgn-10"
"Alfred Murphy","dsgn-10"
"Winona Farmer","dsgn-10"
"Taylor Bunting","dsgn-10"
"Kree Whipple","dsgn-10"
"Brandon Lopez","dsgn-10"
"Neftali Gutierrez","dsgn-10"
"Steven Hamilton","dsgn-10"
"Gabriela Silva","dsgn-10"
"Reema al-Sadek","dsgn-10"
"Devin Mcpherson","dsgn-10"
"Stephanie Carver","dsgn-10"
"Mutee'a el-Sheikh","dsgn-10"
"Jamie Pillar","dsgn-11"
"Toan Swanson","dsgn-11"
"Shelby Nelson","dsgn-11"
"Rustin Holliday","dsgn-11"
"Margaret Unruh","dsgn-11"
"Ryan Sena","dsgn-11"
"Kaitlyn Quick Bear","dsgn-11"
"Lakota Tiger","dsgn-12"
"William Cordero","dsgn-12"
"Austin Martin","dsgn-12"
"Andera Alt","dsgn-12"
"Mustaba el-Tamer","dsgn-12"
"Ye Ming Tan","dsgn-12"
"Charles Pettis","dsgn-12"
"Damon Harrison","dsgn-12"
"Angel Fonseca","dsgn-12"
"Nicholas Tenorio","dsgn-12"
"Duncan Knerr","dsgn-12"
"Faisal el-Shehadeh","dsgn-12"
"Krystal Miller","dsgn-12"
"Paola Vivas","dsgn-12"
"Alexa Martin","dsgn-12"
"Jessica Medina","dsgn-12"
"Katie Benmajed","dsgn-12"
"Joshua Vigil","dsgn-12"
"Nahla el-Amara","dsgn-12"
"Izzaddeen al-Mustafa","dsgn-12"
"Hypatia Casillas","econ-10"
"Haley Henderson","econ-10"
"Alex Lopez","econ-10"
"Chuong Nguyen","econ-10"
"Tia Shaye Taylor","econ-10"
"Mawhiba el-Moghaddam","econ-10"
"Troy Lee","econ-11"
"Alona Lawson","econ-11"
"Melissa Kim","econ-11"
"Zuhriyaa al-Amini","econ-11"
"Nathan Narona","econ-11"
"Mikayla Mcmanus","econ-11"
"Tyler Keator","econ-11"
"Jakoby Whitecalf","econ-11"
"Chelsey White","econ-11"
"Zachary Pisarski","econ-11"
"Kayla Allen","econ-11"
"Katy Rodriguez","econ-11"
"Nabeela el-Hasen","econ-11"
"Brandon O Bryan","econ-12"
"Rhema Nguyen","econ-12"
"Tharwa al-Zadeh","econ-12"
"Eric Hoffman","econ-12"
"Blake Burbank","econ-12"
"Kiara Turner","econ-12"
"Latoya Kabotie","econ-12"
"Cassandra Rogers","econ-12"
"River Huber","econ-12"
"Savoi Wilson","econ-12"
"Tre Armstrong","econ-12"
"Akram al-Farman","econ-12"
"Paul James Bartling","econ-12"
"Thailia Dexter","econ-12"
"Daniel Warren","econ-12"
"Jeffrey Taylor","geog-12"
"Crystal Manuel","geog-12"
"David Summers","geog-12"
"Lanette Mays","geog-12"
"Nathan Lucio-Discua","geog-12"
"Alicia Yanushonis","geog-12"
"Asmaa el-Tariq","geog-12"
"Susan Lwin","geog-12"
"Delphine Hall","geog-12"
"Katana Crawford","geog-12"
"Magnus Ellis","geog-12"
"Clayton Patterson","geog-12"
"Alisha Baca","geog-12"
"Isaiah Rojas","geog-12"
"Charles Nichols","geog-12"
"Austin Cano","geog-12"
"Joseph Duran","geog-12"
"Aaliyah Barragan Perez","geog-12"
"Darrin Huitt","geog-12"
"Jenny Ardito","geog-12"
"Kathy Prom","geog-12"
"Jordan Courrejou","grds-10"
"Catherine Moffett","grds-10"
"Shalisha Jackson","grds-10"
"Gabrielle Clemens","grds-10"
"Cam Begay","grds-10"
"Cornelius Campbell","grds-10"
"Neftali Gutierrez","grds-10"
"Alfred Murphy","grds-10"
"Naseera el-Majid","grds-10"
"Stephanie Carver","grds-10"
"Keenan Pohl","grds-10"
"Rachael Werner","grds-10"
"Reema al-Sadek","grds-10"
"Ronald Garza","grds-10"
"Vincent Prak","grds-10"
"Evan Davis","grds-11"
"Kyle Myers","grds-11"
"Sabreen el-Shaikh","grds-11"
"Ghaidaa el-Hassan","grds-11"
"Nicholas Heap","grds-11"
"Rachel Anderson","grds-11"
"Larissa Sharshel","grds-11"
"Kentae Brown","grds-11"
"Cody Fleischman Jr","grds-11"
"Derek Li","grds-11"
"Jerrell Beck","grds-11"
"Megan Nguyen","grds-11"
"Amy Chommala","grds-11"
"Antonio Mendoza Jr","grds-11"
"Kaitlyn Quick Bear","grds-11"
"Aaron Lyon","grds-11"
"Farhaana el-Salih","grds-12"
"Brandon Azure","grds-12"
"Crystal Manuel","grds-12"
"David Summers","grds-12"
"Lanette Mays","grds-12"
"Lakota Tiger","grds-12"
"Alicia Yanushonis","grds-12"
"Sabreen el-Abbasi","grds-12"
"Alisha Baca","grds-12"
"Saamiqa el-Qazi","grds-12"
"Opheal Omar","grds-12"
"Aaliyah Barragan Perez","grds-12"
"Alexa Martin","grds-12"
"Jessica Stevens","grds-12"
"Amber Velez","grds-12"
"Aeneva Holloway","grds-12"
"Suthdara Bajwa","grds-12"
"Naqiyya al-Habeeb","grds-12"
"Ye Ming Tan","grds-12"
"Zaaida al-Kazi","grds-12"
"Sabrina Martin","grds-12"
"Afeefa al-Yusuf","grds-12"
"Joseph Duran","grds-12"
"Susan Lwin","grds-12"
"Charles Pettis","grds-12"
"Nicholas Tenorio","grds-12"
"Anthony Johnson","grds-12"
"Zuhra el-Farooqui","grds-12"
"Daniel Lira","grds-12"
"Katelyn Largo","grds-12"
"Xavier Jarmon","hist-10"
"Malisse Nagamoto","hist-10"
"Raechell Pacheco","hist-10"
"Haley Henderson","hist-10"
"Jennifer Tamura","hist-10"
"Malissa Pritchard","hist-10"
"Phuong Nagao","hist-10"
"Monica Lam","hist-10"
"Brigitte Lo","hist-10"
"Katelynn Tafoya","hist-10"
"Ryan Krohn","hist-10"
"Zachary Pacheco","hist-10"
"Colin Hanson","hist-10"
"Edward Porter","hist-10"
"Wyatt Briner","hist-10"
"River Hardin","hist-10"
"Mali Badhesha","hist-10"
"Haley Shade","hist-10"
"Ronald Garza","hist-10"
"Rohith San Pedro","hist-11"
"Raymond Holmes Jr","hist-11"
"Cedric Mclellan","hist-11"
"Alexis Martinez","hist-11"
"Melissa Kim","hist-11"
"Jesus Sanchez","hist-11"
"Fedelina Gallegos Solorio","hist-11"
"Elizabeth Cochran","hist-11"
"Nathaniel Erdenechimeg","hist-11"
"Mariah Weber","hist-11"
"Jakoby Whitecalf","hist-11"
"Riannon Jaffe","hist-11"
"Elizabeth Hernandez","hist-11"
"Kevin Schweizer","hist-11"
"Alexander Jacket","hist-11"
"Makeda Edgerton","hist-12"
"Jenson Wynn","hist-12"
"Ismaeel al-Adel","hist-12"
"Abdur Rasheed el-Mahfouz","hist-12"
"Stephan Williams","hist-12"
"Amy Zhou","hist-12"
"Devin Mawson","hist-12"
"Zaaida al-Kazi","hist-12"
"Cheyene Ross","hist-12"
"Miranda Beauvais","hist-12"
"Hayden Terry","hist-12"
"Latoya Kabotie","hist-12"
"Vincent Matlock","hist-12"
"Noori al-Sahli","hist-12"
"River Huber","hist-12"
"Maximeno Fisher","hist-12"
"Blake Burbank","hist-12"
"Krystal Miller","hist-12"
"Peter Schmitz","hist-12"
"Ivan Trujillo","hist-12"
"Kiara Turner","hist-12"
"Vincent Mondia","hist-12"
"Alysha Ray","inft-10"
"Shalisha Jackson","inft-10"
"Gabrielle Clemens","inft-10"
"Brittany Channell","inft-10"
"Aatifa al-Abu","inft-10"
"Winona Farmer","inft-10"
"Brianna Buckner","inft-10"
"Tommy Rajpal","inft-10"
"Arielle Babcock","inft-10"
"Da Sha Jordan","inft-10"
"Vincent Prak","inft-10"
"William Hall","inft-10"
"Ashley Leslie","inft-10"
"Taylor Bunting","inft-10"
"Keenan Pohl","inft-10"
"Asima Aofia","inft-10"
"Keaun Robinson","inft-10"
"Henry Salazar","inft-10"
"Shannon Desersa","inft-11"
"Shyanne Nguyen","inft-11"
"Michael Soto","inft-11"
"Kaazima al-Majid","inft-11"
"Julia Kersey","inft-11"
"Chelsey White","inft-11"
"Elizabeth Cochran","inft-11"
"Jerrell Beck","inft-11"
"Michelle Yu","inft-11"
"Ryan Northup","inft-12"
"Suthdara Bajwa","inft-12"
"Zuhra el-Farooqui","inft-12"
"Alex Thompson","inft-12"
"Danielle Montano","inft-12"
"Afeefa al-Yusuf","inft-12"
"Angelo Herrera","inft-12"
"Irianne Moreno","inft-12"
"Sidney Begay","inft-12"
"Marjaana el-Shaheen","inft-12"
"Eric Davis","inft-12"
"Kiana Jiron","inft-12"
"Heli Moimoi","inft-12"
"Aubriana Taylor","inft-12"
"Rickey Campbell","inft-12"
"Rebecca Dang","inft-12"
"Laneece Huang","inft-12"
"Lauren Moonlight","inft-12"
"Anthony Johnson","inft-12"
"Jenna Ko","lfsc-10"
"Malisse Nagamoto","lfsc-10"
"Wallace Arellano","lfsc-10"
"Safwaan el-Odeh","lfsc-10"
"Zaitoona el-Jalil","lfsc-10"
"Jesse Young","lfsc-10"
"Rashaa al-Siddiqi","lfsc-10"
"Aatifa al-Abu","lfsc-10"
"Phuong Nagao","lfsc-10"
"Radiyya el-Mansour","lfsc-10"
"Tyler Sarkeiyans","lfsc-10"
"River Hardin","lfsc-10"
"Tommy Rajpal","lfsc-10"
"Saleet el-Jabbour","lfsc-10"
"Marcus Dyer","lfsc-10"
"Brigitte Lo","lfsc-10"
"Arielle Babcock","lfsc-10"
"Shannon Logan","lfsc-10"
"Joshua Guthrie","lfsc-11"
"Patricia Wonnell","lfsc-11"
"Xavier Eaglin","lfsc-11"
"Asghar al-Younan","lfsc-11"
"Kaazima al-Majid","lfsc-11"
"Taamira al-Jabbar","lfsc-11"
"Lucas Atencio","lfsc-11"
"Devon Balderrama","lfsc-11"
"Keenan Sullivan","lfsc-11"
"Jesus Sanchez","lfsc-11"
"Michelle Yu","lfsc-11"
"Vincent Pavlov","lfsc-11"
"Elizabeth Cochran","lfsc-11"
"Nathaniel Erdenechimeg","lfsc-11"
"Dhaahir al-Kazmi","lfsc-11"
"Maria Jaquez Murillo","lfsc-11"
"Fedelina Gallegos Solorio","lfsc-11"
"Aaron Smith","lfsc-12"
"Sarah Thomas","lfsc-12"
"Makeda Edgerton","lfsc-12"
"Justin Keith","lfsc-12"
"Deante Mackey","lfsc-12"
"Andres Torres","lfsc-12"
"Ginger Yang","lfsc-12"
"Ismaeel al-Adel","lfsc-12"
"Michael Cox","lfsc-12"
"Devin Mawson","lfsc-12"
"Jessica Stevens","lfsc-12"
"Jaadallah el-Murad","lfsc-12"
"Mark Shah","lfsc-12"
"River Huber","lfsc-12"
"Sidney Begay","lfsc-12"
"Clayton Patterson","lfsc-12"
"Tharwa al-Zadeh","lfsc-12"
"Magnus Ellis","lfsc-12"
"Laneece Huang","lfsc-12"
"Nafeesa al-Darwish","lfsc-12"
"Rylie Swift Bird","lfsc-12"
"Zaaida al-Kazi","lfsc-12"
"Cu Chulainn Pham","lfsc-12"
"Anthony White","lfsc-12"
"Mudrika el-Allee","lfsc-12"
"Rebecca Dang","lfsc-12"
"Jenny Ardito","lfsc-12"
"Nawaar al-Hassen","lfsc-12"
"Angelo Nesby Jr","lfsc-12"
"Eric Guzman-Morillo","lfsc-12"
"Noori al-Sahli","lfsc-12"
"Jordan Borom","lfsc-12"
"Suthdara Bajwa","lfsc-12"
"Tashina Danner","lfsc-12"
"Abigail Geller","lfsc-12"
"Cassandra Rogers","lfsc-12"
"Ian Bohochik","lfsc-12"
"Amanda Sober","lfsc-12"
"Tyler Zumar","lfsc-12"
"Aaron Sandoval","lfsc-12"
"Erika Cabrera","phsc-10"
"Shannon Jackson","phsc-10"
"Jesse Young","phsc-10"
"Rashaa al-Siddiqi","phsc-10"
"Emma Ortega","phsc-10"
"Edwin Quiring","phsc-10"
"Hannah Balan","phsc-10"
"Alfred Murphy","phsc-10"
"Reema al-Sadek","phsc-10"
"Rachael Werner","phsc-10"
"Shannon Logan","phsc-10"
"Xavier Eaglin","phsc-11"
"Jeremy Cepeda","phsc-11"
"Larissa Sharshel","phsc-11"
"Vincent Pavlov","phsc-11"
"Megan Nguyen","phsc-11"
"Kentae Brown","phsc-11"
"Dominic Straker","phsc-11"
"Brooke Tatum Clardy","phsc-11"
"Lucas Atencio","phsc-11"
"Derek Li","phsc-11"
"Garrett Walton","phsc-11"
"Amy Chommala","phsc-11"
"Keenan Sullivan","phsc-11"
"Austin Martin","phsc-12"
"Ashley Oh","phsc-12"
"Alexa Martin","phsc-12"
"Anthony White","phsc-12"
"Tashina Danner","phsc-12"
"Nicholas Tenorio","phsc-12"
"Bruce Darden","phsc-12"
"Faisal el-Shehadeh","phsc-12"
"Jessica Stevens","phsc-12"
"Troy Bresciani","phsc-12"
"Ian Bohochik","phsc-12"
"Abigail Geller","phsc-12"
"Kayla Robinson","phsc-12"
"Whitney Brinkley","phsc-12"
"Alexa Dang","phsc-12"
"Senait Cooper","phsc-12"
"Izzaddeen al-Mustafa","phsc-12"
"Jordan Tollerson","tourism-10"
"Jordan Courrejou","tourism-10"
"Britnay Snoddy","tourism-10"
"Trevelle Love","tourism-10"
"Mersedez Barcenas Martinez","tourism-10"
"Cam Begay","tourism-10"
"Dhareef al-Jamal","tourism-10"
"Waatiq el-Mattar","tourism-10"
"Trevor Miller","tourism-10"
"Dao Cheema","tourism-10"
"Brandon Lopez","tourism-10"
"Ekom Ghoram","tourism-10"
"Grace Zarembski","tourism-10"
"Jawhar el-Shaban","tourism-10"
"Mutee'a el-Sheikh","tourism-10"
"Troy Lee","tourism-11"
"Sarai Ramos","tourism-11"
"Emily Mccarthy","tourism-11"
"Toan Swanson","tourism-11"
"Ryan Sena","tourism-11"
"William Gurule","tourism-11"
"Michelle Bailey","tourism-11"
"Shannon Torre","tourism-11"
"Mikayla Mcmanus","tourism-11"
"Donald Carrera","tourism-11"
"Kayla Allen","tourism-11"
"Uriah Domer","tourism-11"
"Rasarag Macneill","tourism-11"
"Aaron Smith","tourism-12"
"Brandon O Bryan","tourism-12"
"Guadalupe Cordova","tourism-12"
"Patrick Bilderback","tourism-12"
"William Reyes","tourism-12"
"Duncan Knerr","tourism-12"
"Skylar Redbird","tourism-12"
"Steven Kershner","tourism-12"
"Christiana Whiteman","tourism-12"
"Manuel Garlick","tourism-12"
"Jessica Medina","tourism-12"
"Zulema Montoya","tourism-12"
"Brianna Martinez","tourism-12"
"Rebecca Veleta","tourism-12"
"Celeste Foxhoven","tourism-12"
"Marciece Mosley","tourism-12"
"Farhaana el-Haidar","tourism-12"
"Carl Bralish","tourism-12"
"Chance Arellano","tourism-12"
"Nusaiba al-Rahman","tourism-12"
"Eric Guzman-Morillo","tourism-12"
"Nawaar al-Hassen","tourism-12"
"Kevin Aragon","tourism-12"
"Preston Babcock","tourism-12"
"Kyle Kelley","tourism-12"
"Mark Shah","tourism-12"
"Damarje Ford","tourism-12"
"Erin Fisher","tourism-12"
"Thailia Dexter","tourism-12"
"Jeannie Jacobs","tourism-12"
"Taariq el-Soltani","tourism-12"
"Hilmi al-Jalali","tourism-12"
"Leona Sober","tourism-12"
"Carol Toothaker","tourism-12"
"Mahboob el-Rehmann","tourism-12"
"Angelo Nesby Jr","tourism-12"
"Jessie Loving","tourism-12"
"Agusta Helvida","tourism-12"
"Jaquay Dock","tourism-12"
"Shaquaya Abraha","tourism-12"
"Joshua Vigil","tourism-12"
"Nahla el-Amara","tourism-12"
"Catherine Moffett","vsla-10"
"Jennifer Tamura","vsla-10"
"Tayla Schulze","vsla-10"
"Tawheeda al-Aman","vsla-10"
"Phuong Nagao","vsla-10"
"Marcus Duong","vsla-10"
"Devin Mcpherson","vsla-10"
"Neftali Gutierrez","vsla-10"
"Gabriela Silva","vsla-10"
"Rachel Williams","vsla-10"
"Steven Hamilton","vsla-10"
"Kree Whipple","vsla-10"
"Kyle Jeserich","vsla-10"
"Oliver Ortiz","vsla-10"
"Joshua Guthrie","vsla-11"
"Taylor Martinez Villalpando","vsla-11"
"Dalia Marquez","vsla-11"
"Elizabeth Hernandez","vsla-11"
"Margaret Unruh","vsla-11"
"Collin Zahn","vsla-11"
"Elijah Yazzie","vsla-11"
"Koua Liu","vsla-11"
"Raihaana al-Sharifi","vsla-11"
"William Rice","vsla-11"
"Shelby Nelson","vsla-11"
"Max Bovarnick","vsla-12"
"Jonaiyah Smith","vsla-12"
"Lakota Tiger","vsla-12"
"Saamiqa el-Qazi","vsla-12"
"Jamie Kohler","vsla-12"
"Zainuddeen el-Wali","vsla-12"
"Diamond Quezada","vsla-12"
"Benjamin Scott","vsla-12"
"Kari Nguyen","vsla-12"
"Philong Jarman","vsla-12"
"Raelynn Orozco","vsla-12"
"Andrew Lang","vsla-12"
"Casey Naujok","vsla-12"
"Thomas Sozi","vsla-12"
"Cerina Rodriguez","vsla-12"
"Ariella Bean","vsla-12"
"Ye Ming Tan","vsla-12"
"Marwa al-Bashir","vsla-12"
"Katie Benmajed","vsla-12"
"Nafeesa al-Darwish","vsla-12"
"Janessa Gurung","vsla-12"
"Keynan Cuthbert Jr","vsla-12"
"Anthony Chandler","vsla-12"
"Amanda Sober","vsla-12"
"Tyler Zumar","vsla-12"
"Christopher Martinez","vsla-12"
"Mawdood el-Karim","bstd-11"
"Malakye Sanchez","cat-11"
"Jazmine Young","cat-11"
"Pazao Aslami","cat-11"
"Matthew Moore","cat-12"
"Malakye Sanchez","cstd-11"
"Lamar Anderson","cstd-12"
"Jazmine Young","drama-11"
"Mawdood el-Karim","dsgn-11"
"Asghar el-Hamad","dsgn-12"
"Katelyn Chuong","econ-11"
"Pazao Aslami","econ-11"
"Matthew Moore","econ-12"
"Jijo Kalagiri","hist-11"
"Maricela Cruz","hist-11"
"Hayden Killingsworth","inft-10"
"Romeo Martinez","inft-12"
"Jazmine Young","lfsc-11"
"Romeo Martinez","lfsc-12"
"Tai Nguyen","lfsc-12"
"Tai Nguyen","phsc-12"
"Sahar al-Hashem","tourism-10"
"Katelyn Chuong","tourism-11"
"Crystal Begay","tourism-12"
"Josen Arguello","tourism-12"
"Maricela Cruz","vsla-11"
"Lamar Anderson","vsla-12"
"Keane Reza","vsla-12"
"Asghar el-Hamad","vsla-12"
"Najiyya al-Assaf","maths-lit-10"
"Joshua Guthrie","afrikaans-11"
"Joshua Guthrie","maths-lit-11"
"Joshua Guthrie","lo-11"
"Erika Cabrera","afrikaans-10"
"Erika Cabrera","lo-10"
"Erika Cabrera","math-10"
"Erika Cabrera","english-10"
"Xavier Jarmon","maths-lit-10"
"Alysha Ray","english-10"
"Alysha Ray","lo-10"
"Alysha Ray","math-10"
"Alysha Ray","afrikaans-10"
"Jordan Tollerson","math-10"
"Jordan Courrejou","math-10"
"Shannon Desersa","math-11"
"Jenna Ko","afrikaans-10"
"Jenna Ko","lo-10"
"Jenna Ko","math-10"
"Troy Lee","maths-lit-11"
"Britnay Snoddy","afrikaans-10"
"Britnay Snoddy","english-10"
"Britnay Snoddy","maths-lit-10"
"Britnay Snoddy","lo-10"
"Jessica Veasley","math-10"
"Malisse Nagamoto","maths-lit-10"
"Malisse Nagamoto","english-10"
"Malisse Nagamoto","afrikaans-10"
"Malisse Nagamoto","lo-10"
"Rohith San Pedro","maths-lit-11"
"Patricia Wonnell","math-11"
"Evan Davis","lo-11"
"Evan Davis","isizulu-11"
"Evan Davis","math-11"
"Trevelle Love","maths-lit-10"
"Wallace Arellano","maths-lit-10"
"Shannon Jackson","math-10"
"Catherine Moffett","maths-lit-10"
"Safwaan el-Odeh","english-10"
"Safwaan el-Odeh","lo-10"
"Safwaan el-Odeh","maths-lit-10"
"Safwaan el-Odeh","isizulu-10"
"Shalisha Jackson","maths-lit-10"
"Shalisha Jackson","afrikaans-10"
"Shalisha Jackson","lo-10"
"Shalisha Jackson","english-10"
"Zaitoona el-Jalil","maths-lit-10"
"Zaitoona el-Jalil","english-10"
"Zaitoona el-Jalil","afrikaans-10"
"Zaitoona el-Jalil","lo-10"
"Mersedez Barcenas Martinez","afrikaans-10"
"Mersedez Barcenas Martinez","lo-10"
"Mersedez Barcenas Martinez","maths-lit-10"
"Mersedez Barcenas Martinez","english-10"
"Gabrielle Clemens","lo-10"
"Gabrielle Clemens","english-10"
"Gabrielle Clemens","maths-lit-10"
"Gabrielle Clemens","afrikaans-10"
"Peter Yang","maths-lit-11"
"Cam Begay","maths-lit-10"
"Taylor Martinez Villalpando","math-11"
"Taylor Martinez Villalpando","lo-11"
"Taylor Martinez Villalpando","afrikaans-11"
"Taylor Martinez Villalpando","english-11"
"Hypatia Casillas","math-10"
"Jesse Young","english-10"
"Jesse Young","lo-10"
"Jesse Young","math-10"
"Jesse Young","afrikaans-10"
"Jordan Bonthron","english-10"
"Jordan Bonthron","lo-10"
"Jordan Bonthron","maths-lit-10"
"Jordan Bonthron","afrikaans-10"
"Brittany Channell","lo-10"
"Brittany Channell","english-10"
"Brittany Channell","math-10"
"Isaiah James","maths-lit-11"
"Kyle Myers","math-11"
"Jeffrey Taylor","math-12"
"Xavier Eaglin","isizulu-11"
"Xavier Eaglin","math-11"
"Alona Lawson","maths-lit-11"
"Farhaana el-Salih","isizulu-12"
"Donato Hicks","maths-lit-11"
"Donato Hicks","english-11"
"Donato Hicks","lo-11"
"Donato Hicks","afrikaans-11"
"Dalia Marquez","isizulu-11"
"Dalia Marquez","maths-lit-11"
"Rashaa al-Siddiqi","math-10"
"Taamira al-Badour","math-11"
"Sarai Ramos","lo-11"
"Sarai Ramos","afrikaans-11"
"Sarai Ramos","english-11"
"Sarai Ramos","maths-lit-11"
"Sabreen el-Shaikh","maths-lit-11"
"Emily Mccarthy","maths-lit-11"
"Sarah Thomas","math-12"
"Jamie Pillar","maths-lit-11"
"Jamie Pillar","english-11"
"Jamie Pillar","lo-11"
"Jamie Pillar","afrikaans-11"
"Megan Wilch","lo-11"
"Megan Wilch","math-11"
"Megan Wilch","english-11"
"Megan Wilch","afrikaans-11"
"Asghar al-Younan","maths-lit-11"
"Asghar al-Younan","english-11"
"Asghar al-Younan","afrikaans-11"
"Asghar al-Younan","lo-11"
"Aatifa al-Abu","maths-lit-10"
"Raymond Holmes Jr","maths-lit-11"
"Raymond Holmes Jr","english-11"
"Raymond Holmes Jr","afrikaans-11"
"Raymond Holmes Jr","lo-11"
"Lauren Nygaard","math-10"
"Lauren Nygaard","afrikaans-10"
"Mahbooba al-Darwish","isizulu-10"
"Mahbooba al-Darwish","math-10"
"Matthew Beckmann","isizulu-12"
"Matthew Beckmann","math-12"
"Crystal Manuel","math-12"
"Makeda Edgerton","english-12"
"Makeda Edgerton","afrikaans-12"
"Makeda Edgerton","maths-lit-12"
"Joseph Villalva","afrikaans-11"
"Joseph Villalva","english-11"
"Joseph Villalva","maths-lit-11"
"Joseph Villalva","lo-11"
"Alexis Palomino","maths-lit-10"
"Alexis Palomino","afrikaans-10"
"Raechell Pacheco","english-10"
"Raechell Pacheco","afrikaans-10"
"Raechell Pacheco","lo-10"
"Raechell Pacheco","maths-lit-10"
"Toan Swanson","maths-lit-11"
"Toan Swanson","english-11"
"Toan Swanson","afrikaans-11"
"Toan Swanson","lo-11"
"Justin Keith","maths-lit-12"
"Deante Mackey","afrikaans-12"
"Deante Mackey","maths-lit-12"
"Deante Mackey","english-12"
"Brandon O Bryan","maths-lit-12"
"Brandon O Bryan","english-12"
"Brandon O Bryan","afrikaans-12"
"Haley Henderson","afrikaans-10"
"Haley Henderson","maths-lit-10"
"Ryan Northup","english-12"
"Ryan Northup","afrikaans-12"
"Ryan Northup","maths-lit-12"
"Jenson Wynn","isizulu-12"
"Ginger Yang","maths-lit-12"
"Ginger Yang","afrikaans-12"
"Ginger Yang","english-12"
"Emma Ortega","afrikaans-10"
"Emma Ortega","math-10"
"Guadalupe Cordova","english-12"
"Guadalupe Cordova","afrikaans-12"
"Guadalupe Cordova","lo-12"
"Guadalupe Cordova","maths-lit-12"
"Cedric Mclellan","maths-lit-11"
"Nathan Lucio-Discua","math-12"
"Cornelius Campbell","afrikaans-10"
"Cornelius Campbell","math-10"
"Cornelius Campbell","lo-10"
"Cornelius Campbell","english-10"
"Ghaidaa el-Hassan","math-11"
"Dhareef al-Jamal","maths-lit-10"
"Edwin Quiring","afrikaans-10"
"Edwin Quiring","math-10"
"Edwin Quiring","english-10"
"Edwin Quiring","lo-10"
"Jennifer Tamura","afrikaans-10"
"Jennifer Tamura","math-10"
"Michael Cox","maths-lit-12"
"William Cordero","math-12"
"Yanel Ramirez","math-10"
"Patrick Bilderback","isizulu-12"
"Tayla Schulze","maths-lit-10"
"Austin Martin","math-12"
"Alexis Martinez","english-11"
"Alexis Martinez","maths-lit-11"
"Alexis Martinez","lo-11"
"Alexis Martinez","afrikaans-11"
"Tawheeda al-Aman","isizulu-10"
"Tawheeda al-Aman","english-10"
"Tawheeda al-Aman","maths-lit-10"
"Tawheeda al-Aman","lo-10"
"Malissa Pritchard","maths-lit-10"
"Alicia Yanushonis","english-12"
"Alicia Yanushonis","math-12"
"Alicia Yanushonis","afrikaans-12"
"Alicia Yanushonis","lo-12"
"Melissa Kim","math-11"
"Melissa Kim","isizulu-11"
"Phuong Nagao","math-10"
"Nicholas Heap","maths-lit-11"
"Nicholas Heap","isizulu-11"
"Abdul Lateef el-Radwan","maths-lit-10"
"Waatiq el-Mattar","maths-lit-10"
"Shelby Thompson","maths-lit-11"
"Zuhriyaa al-Amini","math-11"
"Amy Zhou","lo-12"
"Amy Zhou","english-12"
"Amy Zhou","afrikaans-12"
"Amy Zhou","maths-lit-12"
"Ellijah Gutierrez","maths-lit-10"
"Trevor Miller","english-10"
"Trevor Miller","lo-10"
"Trevor Miller","isizulu-10"
"Trevor Miller","maths-lit-10"
"Raamiz el-Saladin","maths-lit-10"
"Raamiz el-Saladin","afrikaans-10"
"Radiyya el-Mansour","english-10"
"Radiyya el-Mansour","isizulu-10"
"Radiyya el-Mansour","maths-lit-10"
"Radiyya el-Mansour","lo-10"
"Marcus Duong","english-10"
"Marcus Duong","lo-10"
"Marcus Duong","maths-lit-10"
"Marcus Duong","isizulu-10"
"William Reyes","english-12"
"William Reyes","lo-12"
"William Reyes","afrikaans-12"
"William Reyes","maths-lit-12"
"Requal Hyatt","maths-lit-10"
"Requal Hyatt","afrikaans-10"
"Devin Mawson","isizulu-12"
"Shyanne Nguyen","math-11"
"Nathan Narona","english-11"
"Nathan Narona","lo-11"
"Nathan Narona","afrikaans-11"
"Nathan Narona","math-11"
"Devin Mcpherson","lo-10"
"Alex Lopez","lo-10"
"Julia Kersey","lo-11"
"Zainuddeen el-Wali","lo-12"
"Percival Vu","lo-10"
"Ryan Sena","lo-11"
"Michelle Bailey","lo-11"
"Mawhiba el-Moghaddam","lo-10"
"Dao Cheema","lo-10"
"Aurora Martinez","lo-11"
"Brandon Lopez","lo-10"
"Collin Zahn","lo-11"
"Ian Bohochik","lo-12"
"Noori al-Sahli","lo-12"
"Suthdara Bajwa","lo-12"
"William Gurule","lo-11"
"Saleet el-Jabbour","lo-10"
"Colin Hanson","lo-10"
"Elizabeth Hernandez","lo-11"
"Tyler Keator","lo-11"
"Calvin Bruner","lo-11"
"Eric Davis","lo-12"
"Chance Arellano","lo-12"
"Benjamin Valdez","lo-11"
"Ronald Garza","lo-10"
"Keynan Cuthbert Jr","lo-12"
"Kayla Robinson","lo-12"
"Ekom Ghoram","lo-10"
"Damon Harrison","lo-12"
"William Hall","lo-10"
"Alfred Murphy","lo-10"
"Andera Alt","lo-12"
"Riannon Jaffe","lo-11"
"Valerie Maya","lo-12"
"Shannon Logan","lo-10"
"Christiana Whiteman","lo-12"
"Koua Liu","lo-11"
"Wyatt Briner","lo-10"
"Cyrus Dickerson","lo-11"
"Maria Jaquez Murillo","lo-11"
"Brigitte Lo","lo-10"
"Katelynn Tafoya","lo-10"
"Janel Salazar","lo-10"
"Hilmi al-Jalali","lo-12"
"Nawaar al-Hassen","lo-12"
"Hiro Velasquez","lo-11"
"Kyle Jeserich","lo-10"
"Shannon Torre","lo-11"
"Alisha Baca","lo-12"
"Mariah Weber","lo-11"
"Cu Chulainn Pham","lo-12"
"Dhaahir al-Kazmi","lo-11"
"Farhaana el-Haidar","lo-12"
"Hayden Terry","lo-12"
"Carlos Romero","lo-10"
"Uriah Domer","lo-11"
"Shihaab al-Abad","lo-12"
"Jessie Loving","lo-12"
"Rustin Holliday","lo-11"
"Afeefa al-Yusuf","lo-12"
"Bruce Darden","lo-12"
"Brianna Martinez","lo-12"
"Shane Johnson","lo-11"
"Kree Whipple","lo-10"
"Christopher Fragoso","lo-12"
"Whitney Brinkley","lo-12"
"Cyrus Mondhink","lo-10"
"Larissa Sharshel","lo-11"
"Christopher Alvarez","lo-11"
"Delphine Hall","lo-12"
"Michael Soto","lo-11"
"Keaun Robinson","lo-10"
"Jakoby Whitecalf","lo-11"
"Naseera el-Majid","lo-10"
"Rachel Anderson","lo-11"
"Angelica Myers","lo-12"
"Saalim el-Ghazi","lo-11"
"Paola Vivas","lo-12"
"Saamiqa el-Qazi","lo-12"
"Alexander Jacket","lo-11"
"Jeremy Cepeda","lo-11"
"Shelby Nelson","lo-11"
"Sidney Begay","lo-12"
"Dominic Straker","lo-11"
"Laneece Huang","lo-12"
"Tyler Sarkeiyans","lo-10"
"Edward Porter","lo-10"
"Tai Srinivasan","lo-11"
"Ashley Leslie","lo-10"
"Brooke Tatum Clardy","lo-11"
"Morgan Cohen","lo-12"
"Hannah Balan","lo-10"
"Jenny Ardito","lo-12"
"Grace Zarembski","lo-10"
"Tyler Lohrenz","lo-10"
"Mali Badhesha","lo-10"
"Marcus Dyer","lo-10"
"Jacob Harper","lo-11"
"Brea Taylor","lo-12"
"Cody Fleischman Jr","lo-11"
"Devon Balderrama","lo-11"
"Garrett Walton","lo-11"
"Alexa Dang","lo-12"
"Magnus Ellis","lo-12"
"Dennis Vasquez","lo-12"
"Anthony Whitney","lo-11"
"Jenna Brown","lo-10"
"Tharwa al-Zadeh","lo-12"
"Kei Maka Jr","lo-10"
"Kaelynn Hosan","lo-11"
"Ryan Krohn","lo-10"
"Kaitlyn Quick Bear","lo-11"
"Mahboob el-Rehmann","lo-12"
"Nusaiba al-Rahman","lo-12"
"Vincent Pavlov","lo-11"
"Najeem el-Tawil","lo-12"
"Kaazima al-Majid","lo-11"
"Radwa al-Safi","lo-12"
"Amy Chommala","lo-11"
"Oliver Ortiz","lo-10"
"Clayton Patterson","lo-12"
"Khaalid al-Othman","lo-12"
"Casey Naujok","lo-12"
"Monica Lam","lo-10"
"Lucas Atencio","lo-11"
"Taamira al-Jabbar","lo-11"
"Ty Cox","lo-11"
"Neftali Gutierrez","lo-10"
"Hilmi al-Jalali","maths-lit-12"
"Michelle Bailey","maths-lit-11"
"Rylie Swift Bird","maths-lit-12"
"Ashraf el-Rabbani","maths-lit-12"
"Wyatt Briner","maths-lit-10"
"Riannon Jaffe","maths-lit-11"
"Uriah Domer","maths-lit-11"
"Cyrus Mondhink","maths-lit-10"
"Rachel Williams","maths-lit-10"
"Mariah Weber","maths-lit-11"
"Aurora Martinez","maths-lit-11"
"Brianna Martinez","maths-lit-12"
"Haley Shade","maths-lit-10"
"Tyler Keator","maths-lit-11"
"Sabrina Martin","maths-lit-12"
"Dao Cheema","maths-lit-10"
"William Hall","maths-lit-10"
"William Gurule","maths-lit-11"
"Katelynn Tafoya","maths-lit-10"
"Hiro Velasquez","maths-lit-11"
"Monica Lam","maths-lit-10"
"Jordan Borom","maths-lit-12"
"Mikayla Mcmanus","maths-lit-11"
"Aaron Lyon","maths-lit-11"
"Opheal Omar","maths-lit-12"
"Celeste Foxhoven","maths-lit-12"
"Chance Arellano","maths-lit-12"
"Mawhiba el-Moghaddam","maths-lit-10"
"Jawhar el-Shaban","maths-lit-10"
"River Hardin","maths-lit-10"
"Nusaiba al-Rahman","maths-lit-12"
"Raihaana al-Sharifi","maths-lit-11"
"Chuong Nguyen","maths-lit-10"
"Tai Srinivasan","maths-lit-11"
"Rustin Holliday","maths-lit-11"
"Mutee'a el-Sheikh","maths-lit-10"
"Farhaana el-Haidar","maths-lit-12"
"Philong Jarman","maths-lit-12"
"Ryan Sena","maths-lit-11"
"Anthony Whitney","maths-lit-11"
"Kevin Schweizer","maths-lit-11"
"Tyler Lohrenz","maths-lit-10"
"Alexander Jacket","maths-lit-11"
"Colin Hanson","maths-lit-10"
"Shannon Torre","maths-lit-11"
"Ryan Krohn","maths-lit-10"
"Paola Vivas","maths-lit-12"
"Mudrika el-Allee","maths-lit-12"
"Nathaniel Erdenechimeg","maths-lit-11"
"Christopher Alvarez","maths-lit-11"
"Kree Whipple","maths-lit-10"
"Maria Jaquez Murillo","maths-lit-11"
"Margaret Unruh","maths-lit-11"
"Elizabeth Cochran","maths-lit-11"
"Christiana Whiteman","maths-lit-12"
"Hayden Terry","maths-lit-12"
"Christopher Fragoso","maths-lit-12"
"Fernando Garibay","maths-lit-12"
"Shihaab al-Abad","maths-lit-12"
"Jessie Loving","maths-lit-12"
"Winona Farmer","maths-lit-10"
"Carlos Romero","maths-lit-10"
"Damon Harrison","maths-lit-12"
"Ekom Ghoram","maths-lit-10"
"Fedelina Gallegos Solorio","maths-lit-11"
"Taamira al-Jabbar","maths-lit-11"
"Valerie Maya","maths-lit-12"
"Farlon Barnett","maths-lit-11"
"Cody Fleischman Jr","maths-lit-11"
"Eric Guzman-Morillo","maths-lit-12"
"Neftali Gutierrez","maths-lit-10"
"Rebecca Veleta","maths-lit-12"
"Thomas Sozi","maths-lit-12"
"Mali Badhesha","maths-lit-10"
"Latoya Kabotie","maths-lit-12"
"Collin Zahn","maths-lit-11"
"Jacob Harper","maths-lit-11"
"Rachel Anderson","maths-lit-11"
"Morgan Cohen","maths-lit-12"
"Shane Johnson","maths-lit-11"
"Keynan Cuthbert Jr","maths-lit-12"
"Mahboob el-Rehmann","maths-lit-12"
"Radwa al-Safi","maths-lit-12"
"Angelica Myers","maths-lit-12"
"Dennis Vasquez","maths-lit-12"
"Naseera el-Majid","maths-lit-10"
"Koua Liu","maths-lit-11"
"Kaitlyn Quick Bear","maths-lit-11"
"Stephanie Carver","maths-lit-10"
"Aaron Lancaster","maths-lit-12"
"Elizabeth Hernandez","maths-lit-11"
"Mekala Bodmer","maths-lit-12"
"Kevin Aragon","maths-lit-12"
"Brea Taylor","maths-lit-12"
"Brigitte Lo","maths-lit-10"
"Shaquaya Abraha","maths-lit-12"
"Grace Zarembski","maths-lit-10"
"Emma Chargualaf","maths-lit-10"
"Agusta Helvida","maths-lit-12"
"Donald Carrera","maths-lit-11"
"Mahfooz el-Ghazi","maths-lit-12"
"Khaalid al-Othman","maths-lit-12"
"Jakoby Whitecalf","maths-lit-11"
"Jenna Brown","maths-lit-10"
"Casey Naujok","maths-lit-12"
"Shelby Nelson","maths-lit-11"
"Miranda Beauvais","maths-lit-12"
"Marcus Dyer","maths-lit-10"
"Devon Balderrama","maths-lit-11"
"Tyler Sarkeiyans","maths-lit-10"
"Jesus Sanchez","maths-lit-11"
"Dominic Straker","math-11"
"Jenny Ardito","math-12"
"Taylor Bunting","math-10"
"Hannah Balan","math-10"
"Laneece Huang","math-12"
"Marwa al-Bashir","math-12"
"Rachael Werner","math-10"
"Vincent Pavlov","math-11"
"Kaelynn Hosan","math-11"
"Mark Shah","math-12"
"Jessica King","math-12"
"Aeneva Holloway","math-12"
"Marjaana el-Shaheen","math-12"
"Vincent Prak","math-10"
"Sidney Begay","math-12"
"Brianca Martin","math-11"
"Olivia Mcnaney","math-10"
"Keenan Pohl","math-10"
"Susan Lwin","math-12"
"Garrett Walton","math-11"
"Antonio Mendoza Jr","math-11"
"Gabriela Silva","math-10"
"Tia Shaye Taylor","math-10"
"Angelo Herrera","math-12"
"Michelle Yu","math-11"
"Benjamin Valdez","math-11"
"Nafeesa al-Darwish","math-12"
"Amy Chommala","math-11"
"Jessica Stevens","math-12"
"Jeremy Cepeda","math-11"
"Amber Velez","math-12"
"Oliver Ortiz","math-10"
"Abigail Geller","math-12"
"Darrin Huitt","math-12"
"Keaun Robinson","math-10"
"Brianna Buckner","math-10"
"Alex Thompson","math-12"
"Cu Chulainn Pham","math-12"
"Nabeela el-Hasen","math-11"
"Alexa Martin","math-12"
"Faisal el-Shehadeh","math-12"
"Whitney Brinkley","math-12"
"Kaazima al-Majid","math-11"
"Cerina Rodriguez","math-12"
"Monica Kaze","math-12"
"Kentae Brown","math-11"
"Michael Soto","math-11"
"Zainuddeen el-Wali","math-12"
"Larissa Sharshel","math-11"
"Saleet el-Jabbour","math-10"
"Kyle Jeserich","math-10"
"Kei Maka Jr","math-10"
"Reema al-Sadek","math-10"
"Decarlo Blackwater","math-10"
"Tommy Rajpal","math-10"
"Asima Aofia","math-10"
"Elijah Yazzie","math-11"
"Henry Salazar","math-10"
"Eric Davis","math-12"
"Devin Mcpherson","math-10"
"Katy Rodriguez","math-11"
"Ty Cox","math-11"
"Katrina Brisbane","math-10"
"Zachary Pisarski","math-11"
"Rebecca Dang","math-12"
"Rasarag Macneill","math-11"
"Steven Hamilton","math-10"
"Derek Li","math-11"
"Kayla Allen","math-11"
"Heli Moimoi","math-12"
"Saamiqa el-Qazi","math-12"
"Isaiah Kennedy","math-11"
"Zachary Pacheco","math-10"
"Brooke Tatum Clardy","math-11"
"Chelsey White","math-11"
"Jaquay Dock","math-12"
"Alex Lopez","math-10"
"Ian Bohochik","math-12"
"William Rice","math-11"
"Clayton Patterson","math-12"
"Angelo Nesby Jr","math-12"
"Afeefa al-Yusuf","math-12"
"Alexa Dang","math-12"
"Naadir el-Sahli","math-11"
"La' George Carter","math-11"
"Arielle Babcock","math-10"
"Calvin Bruner","math-11"
"Ronald Garza","math-10"
"Nicholas Tenorio","math-12"
"Zaaida al-Kazi","math-12"
"Jerrell Beck","math-11"
"Keenan Sullivan","math-11"
"Shannon Logan","math-10"
"Lucas Atencio","math-11"
"Da Sha Jordan","math-10"
"Alisha Baca","math-12"
"Percival Vu","math-10"
"Janel Salazar","math-10"
"Najeem el-Tawil","math-12"
"Julia Kersey","math-11"
"Blake Burbank","math-12"
"Edward Porter","math-10"
"Cyrus Dickerson","math-11"
"Tharwa al-Zadeh","math-12"
"Alfred Murphy","math-10"
"Brittany Zimmerman","math-10"
"Megan Nguyen","math-11"
"Ashley Leslie","math-10"
"Kiara Turner","math-12"
"Kayla Robinson","math-12"
"Magnus Ellis","math-12"
"Brandon Lopez","math-10"
"Saalim el-Ghazi","math-11"
"Samuel Reinhart","math-12"
"Bruce Darden","math-12"
"Suthdara Bajwa","math-12"
"Dhaahir al-Kazmi","math-11"
"Nawaar al-Hassen","math-12"
"Olivia Mcnaney","isizulu-10"
"Zaaida al-Kazi","isizulu-12"
"Tyler Keator","isizulu-11"
"Kayla Allen","isizulu-11"
"Brigitte Lo","isizulu-10"
"Thailia Dexter","isizulu-12"
"Rachel Anderson","isizulu-11"
"Mudrika el-Allee","isizulu-12"
"Shaquaya Abraha","isizulu-12"
"Asima Aofia","isizulu-10"
"Cody Fleischman Jr","isizulu-11"
"Steven Hamilton","isizulu-10"
"Wyatt Briner","isizulu-10"
"Alex Thompson","isizulu-12"
"Latoya Kabotie","isizulu-12"
"Rebecca Veleta","isizulu-12"
"Damarje Ford","isizulu-12"
"Zulema Montoya","isizulu-12"
"Marwa al-Bashir","isizulu-12"
"Dhaahir al-Kazmi","isizulu-11"
"Eric Guzman-Morillo","isizulu-12"
"Ryan Krohn","isizulu-10"
"Miranda Beauvais","isizulu-12"
"Philong Jarman","isizulu-12"
"Kevin Aragon","isizulu-12"
"Shannon Torre","english-11"
"Devin Mcpherson","english-10"
"Michelle Bailey","english-11"
"William Hall","english-10"
"Brandon Lopez","english-10"
"Hannah Balan","english-10"
"Jessie Loving","english-12"
"Julia Kersey","english-11"
"Katelynn Tafoya","english-10"
"Percival Vu","english-10"
"Alex Lopez","english-10"
"Saleet el-Jabbour","english-10"
"Aurora Martinez","english-11"
"Chance Arellano","english-12"
"Carlos Romero","english-10"
"Tyler Keator","english-11"
"Farhaana el-Haidar","english-12"
"William Gurule","english-11"
"Bruce Darden","english-12"
"Alisha Baca","english-12"
"Nusaiba al-Rahman","english-12"
"Dao Cheema","english-10"
"Hiro Velasquez","english-11"
"Jenny Ardito","english-12"
"Alfred Murphy","english-10"
"Andera Alt","english-12"
"Damon Harrison","english-12"
"Brianna Martinez","english-12"
"Hayden Terry","english-12"
"Eric Davis","english-12"
"Zainuddeen el-Wali","english-12"
"Brigitte Lo","english-10"
"Kayla Robinson","english-12"
"Noori al-Sahli","english-12"
"Ronald Garza","english-10"
"Edward Porter","english-10"
"Lucas Atencio","english-11"
"Afeefa al-Yusuf","english-12"
"Larissa Sharshel","english-11"
"Ekom Ghoram","english-10"
"Cyrus Dickerson","english-11"
"Saalim el-Ghazi","english-11"
"Koua Liu","english-11"
"Calvin Bruner","english-11"
"Morgan Cohen","english-12"
"Dennis Vasquez","english-12"
"Maria Jaquez Murillo","english-11"
"Colin Hanson","english-10"
"Cu Chulainn Pham","english-12"
"Kyle Jeserich","english-10"
"Grace Zarembski","english-10"
"Hilmi al-Jalali","english-12"
"Valerie Maya","english-12"
"Angelica Myers","english-12"
"Shihaab al-Abad","english-12"
"Shannon Logan","english-10"
"Brooke Tatum Clardy","english-11"
"Christiana Whiteman","english-12"
"Christopher Alvarez","english-11"
"Dominic Straker","english-11"
"Tyler Sarkeiyans","english-10"
"Jakoby Whitecalf","english-11"
"Magnus Ellis","english-12"
"Wyatt Briner","english-10"
"Mahboob el-Rehmann","english-12"
"Cody Fleischman Jr","english-11"
"Ian Bohochik","english-12"
"Brea Taylor","english-12"
"Rachel Anderson","english-11"
"Kei Maka Jr","english-10"
"Elizabeth Hernandez","english-11"
"Mariah Weber","english-11"
"Keynan Cuthbert Jr","english-12"
"Collin Zahn","english-11"
"Riannon Jaffe","english-11"
"Uriah Domer","english-11"
"Suthdara Bajwa","english-12"
"Rustin Holliday","english-11"
"Michael Soto","english-11"
"Ryan Krohn","english-10"
"Kaelynn Hosan","english-11"
"Dhaahir al-Kazmi","english-11"
"Clayton Patterson","english-12"
"Kaitlyn Quick Bear","english-11"
"Neftali Gutierrez","english-10"
"Nawaar al-Hassen","english-12"
"Jacob Harper","english-11"
"Ryan Sena","english-11"
"Kaazima al-Majid","english-11"
"Mawhiba el-Moghaddam","english-10"
"Janel Salazar","english-10"
"Whitney Brinkley","english-12"
"Najeem el-Tawil","english-12"
"Keaun Robinson","english-10"
"Cyrus Mondhink","english-10"
"Tai Srinivasan","english-11"
"Shelby Nelson","english-11"
"Tharwa al-Zadeh","english-12"
"Anthony Whitney","english-11"
"Vincent Pavlov","english-11"
"Benjamin Valdez","english-11"
"Saamiqa el-Qazi","english-12"
"Marcus Dyer","english-10"
"Naseera el-Majid","english-10"
"Tyler Lohrenz","english-10"
"Sidney Begay","english-12"
"Amy Chommala","english-11"
"Casey Naujok","english-12"
"Mali Badhesha","english-10"
"Ty Cox","english-11"
"Jenna Brown","english-10"
"Ashley Leslie","english-10"
"Alexander Jacket","english-11"
"Taamira al-Jabbar","english-11"
"Alexa Dang","english-12"
"Devon Balderrama","english-11"
"Kree Whipple","english-10"
"Radwa al-Safi","english-12"
"Garrett Walton","english-11"
"Paola Vivas","english-12"
"Khaalid al-Othman","english-12"
"Oliver Ortiz","english-10"
"Shane Johnson","english-11"
"Monica Lam","english-10"
"Laneece Huang","english-12"
"Christopher Fragoso","english-12"
"Delphine Hall","english-12"
"Jeremy Cepeda","english-11"
"Kayla Robinson","afrikaans-12"
"Ryan Sena","afrikaans-11"
"Calvin Bruner","afrikaans-11"
"Noori al-Sahli","afrikaans-12"
"Mariah Weber","afrikaans-11"
"Carlos Romero","afrikaans-10"
"Eric Davis","afrikaans-12"
"Kyle Jeserich","afrikaans-10"
"William Gurule","afrikaans-11"
"Alexa Dang","afrikaans-12"
"Ty Cox","afrikaans-11"
"Edward Porter","afrikaans-10"
"Alisha Baca","afrikaans-12"
"Shelby Nelson","afrikaans-11"
"Winona Farmer","afrikaans-10"
"Dao Cheema","afrikaans-10"
"Farhaana el-Haidar","afrikaans-12"
"Najeem el-Tawil","afrikaans-12"
"Maria Jaquez Murillo","afrikaans-11"
"William Hall","afrikaans-10"
"Chance Arellano","afrikaans-12"
"Monica Lam","afrikaans-10"
"Valerie Maya","afrikaans-12"
"Christopher Fragoso","afrikaans-12"
"Brianna Martinez","afrikaans-12"
"Julia Kersey","afrikaans-11"
"Alex Lopez","afrikaans-10"
"Devin Mcpherson","afrikaans-10"
"Nusaiba al-Rahman","afrikaans-12"
"Ronald Garza","afrikaans-10"
"Bruce Darden","afrikaans-12"
"Nawaar al-Hassen","afrikaans-12"
"Saleet el-Jabbour","afrikaans-10"
"Percival Vu","afrikaans-10"
"Shihaab al-Abad","afrikaans-12"
"Hilmi al-Jalali","afrikaans-12"
"Aurora Martinez","afrikaans-11"
"Brooke Tatum Clardy","afrikaans-11"
"Shannon Torre","afrikaans-11"
"Michelle Bailey","afrikaans-11"
"Colin Hanson","afrikaans-10"
"Brandon Lopez","afrikaans-10"
"Lucas Atencio","afrikaans-11"
"Zainuddeen el-Wali","afrikaans-12"
"Alfred Murphy","afrikaans-10"
"Collin Zahn","afrikaans-11"
"Taamira al-Jabbar","afrikaans-11"
"Andera Alt","afrikaans-12"
"Ian Bohochik","afrikaans-12"
"Kree Whipple","afrikaans-10"
"Delphine Hall","afrikaans-12"
"Riannon Jaffe","afrikaans-11"
"Koua Liu","afrikaans-11"
"Damon Harrison","afrikaans-12"
"Jessie Loving","afrikaans-12"
"Khaalid al-Othman","afrikaans-12"
"Hannah Balan","afrikaans-10"
"Cyrus Dickerson","afrikaans-11"
"Katelynn Tafoya","afrikaans-10"
"Naseera el-Majid","afrikaans-10"
"Hiro Velasquez","afrikaans-11"
"Afeefa al-Yusuf","afrikaans-12"
"Morgan Cohen","afrikaans-12"
"Saamiqa el-Qazi","afrikaans-12"
"Christopher Alvarez","afrikaans-11"
"Jenna Brown","afrikaans-10"
"Larissa Sharshel","afrikaans-11"
"Jacob Harper","afrikaans-11"
"Ekom Ghoram","afrikaans-10"
"Keynan Cuthbert Jr","afrikaans-12"
"Uriah Domer","afrikaans-11"
"Jeremy Cepeda","afrikaans-11"
"Anthony Whitney","afrikaans-11"
"Alexander Jacket","afrikaans-11"
"Cu Chulainn Pham","afrikaans-12"
"Garrett Walton","afrikaans-11"
"Dennis Vasquez","afrikaans-12"
"Benjamin Valdez","afrikaans-11"
"Saalim el-Ghazi","afrikaans-11"
"Kei Maka Jr","afrikaans-10"
"Suthdara Bajwa","afrikaans-12"
"Rustin Holliday","afrikaans-11"
"Kaitlyn Quick Bear","afrikaans-11"
"Rachael Werner","afrikaans-10"
"Hayden Terry","afrikaans-12"
"Michael Soto","afrikaans-11"
"Paola Vivas","afrikaans-12"
"Oliver Ortiz","afrikaans-10"
"Tyler Lohrenz","afrikaans-10"
"Sidney Begay","afrikaans-12"
"Keaun Robinson","afrikaans-10"
"Cyrus Mondhink","afrikaans-10"
"Mawhiba el-Moghaddam","afrikaans-10"
"Tai Srinivasan","afrikaans-11"
"Christiana Whiteman","afrikaans-12"
"Tharwa al-Zadeh","afrikaans-12"
"River Hardin","afrikaans-10"
"Dominic Straker","afrikaans-11"
"Devon Balderrama","afrikaans-11"
"Kaelynn Hosan","afrikaans-11"
"Ashley Leslie","afrikaans-10"
"Amy Chommala","afrikaans-11"
"Whitney Brinkley","afrikaans-12"
"Radwa al-Safi","afrikaans-12"
"Angelica Myers","afrikaans-12"
"Casey Naujok","afrikaans-12"
"Brea Taylor","afrikaans-12"
"Laneece Huang","afrikaans-12"
"Vincent Pavlov","afrikaans-11"
"Magnus Ellis","afrikaans-12"
"Kaazima al-Majid","afrikaans-11"
"Jakoby Whitecalf","afrikaans-11"
"Shannon Logan","afrikaans-10"
"Elizabeth Hernandez","afrikaans-11"
"Grace Zarembski","afrikaans-10"
"Mali Badhesha","afrikaans-10"
"Shane Johnson","afrikaans-11"
"Clayton Patterson","afrikaans-12"
"Janel Salazar","afrikaans-10"
"Neftali Gutierrez","afrikaans-10"
"Mahboob el-Rehmann","afrikaans-12"
"Tyler Sarkeiyans","afrikaans-10"
"Marcus Dyer","afrikaans-10"
"Henry Salazar","afrikaans-10"
"Jenny Ardito","afrikaans-12"
"Kathy Prom","maths-lit-12"
"Tony Otgonbayar","english-12"
"Tony Otgonbayar","lo-12"
"Amanda Sober","english-12"
"Amanda Sober","maths-lit-12"
"Tyler Zumar","maths-lit-12"
"Senait Cooper","english-12"
"Senait Cooper","lo-12"
"Senait Cooper","math-12"
"Jake Brave","english-12"
"Jake Brave","afrikaans-12"
"Jake Brave","lo-12"
"Christopher Glover","math-12"
"Vincent Mondia","maths-lit-12"
"Katelyn Largo","isizulu-12"
"Katelyn Largo","maths-lit-12"
"Izzaddeen al-Mustafa","math-12"
"Josen Arguello","math-12"
"Romeo Martinez","math-12"
"Maricela Cruz","maths-lit-11"
"Hayden Killingsworth","math-10"
"Katelyn Chuong","isizulu-11"
"Tai Nguyen","math-12"
"Jazmine Young","maths-lit-11"
"Mawdood el-Karim","maths-lit-11"
"Jijo Kalagiri","maths-lit-11"
"Pazao Aslami","maths-lit-11"
"Katelyn Chuong","maths-lit-11"
"Malakye Sanchez","maths-lit-11"
"Sahar al-Hashem","maths-lit-10"
